{
  "project_info": {
    "project_number": "25732668653",
    "firebase_url": "https://android-7372c.firebaseio.com",
    "project_id": "android-7372c",
    "storage_bucket": "android-7372c.appspot.com"
  },
  "client": [
    {
      "client_info": {
        "mobilesdk_app_id": "1:25732668653:android:dcff945904c058272ac0e4",
        "android_client_info": {
          "package_name": "com.example.myapplication"
        }
      },
      "oauth_client": [
        {
          "client_id": "25732668653-pgk85tmdg6ltf4r54l95ijf56334v9mc.apps.googleusercontent.com",
          "client_type": 1,
          "android_info": {
            "package_name": "com.example.myapplication",
            "certificate_hash": "ebbe487a16e90787c309101d4ddd0d9f1684878d"
          }
        },
        {
          "client_id": "25732668653-49p2s5crqvaddv92r0s60r3e066gl1k4.apps.googleusercontent.com",
          "client_type": 3
        }
      ],
      "api_key": [
        {
          "current_key": "AIzaSyCkVsVcwtDAxvmBT7YyBbGrwJP92zEmL1M"
        }
      ],
      "services": {
        "appinvite_service": {
          "other_platform_oauth_client": [
            {
              "client_id": "25732668653-49p2s5crqvaddv92r0s60r3e066gl1k4.apps.googleusercontent.com",
              "client_type": 3
            }
          ]
        }
      }
    }
  ],
  "configuration_version": "1"
}